<mujoco model="MyoHand model for baoding balls">
<!-- =================================================
	Copyright 2020 Vikash Kumar
	Model	:: MyoHand (MuJoCoV2.0)
	Author	:: Vikash Kumar (vikashplus@gmail.com)
	source	:: https://github.com/vikashplus
	License	:: Under Apache License, Version 2.0 (the "License"); you may not use this file except in compliance with the License. You may obtain a copy of the License at http://www.apache.org/licenses/LICENSE-2.0 Unless required by applicable law or agreed to in writing, software distributed under the License is distributed on an "AS IS" BASIS, WITHOUT WARRANTIES OR CONDITIONS OF ANY KIND, either express or implied. See the License for the specific language governing permissions and limitations under the License.
====================================================== -->

    <include file="../../../../simhive/myo_sim/hand/assets/myohand_assets.xml"/>
    <include file="../../../../simhive/myo_sim/scene/myosuite_scene.xml"/>
    <compiler meshdir='../../../../simhive/myo_sim/' texturedir='../../../../simhive/myo_sim/'/>

    <option timestep="0.0025"/>

    <asset>
        <material name="MatBallY" specular=".1" shininess=".1" reflectance=".1" rgba="1 .8 .31 1.0"/>
        <material name="MatBallP" specular=".1" shininess=".1" reflectance="0.1" rgba=".84 .59 .53 1.0"/>
    </asset>

    <worldbody>
        <include file="../../../../simhive/myo_sim/hand/assets/myohand_body.xml"/>
        <body name="ball1" pos="-.227 -.511 1.452">
            <freejoint/>
            <geom name="ball1" material="MatBallY" type="sphere" size="0.022" group='2' mass='0.043' condim='4'/>
            <site name="ball1_site"  type="sphere" size="0.005" material="MatBallY" group="0"/>
        </body>
        <body name="ball2" pos="-.256 -.552 1.442">
            <freejoint/>
            <geom name="ball2" material="MatBallP" type="sphere" size="0.022" group='2' mass='0.043' condim='4'/>
            <site name="ball2_site"  type="sphere" size="0.005" material="MatBallP" group="0"/>
        </body>

        <site name="move_target_site" type="sphere" size="0.01" rgba="1 0 0 0.5" group="0" pos="0 0 0.01" />

        <!-- cameras -->
        <!-- <camera name="cam0" pos="-0.32 0 0.6" quat='0.3 0.19 -0.43 -0.83' fovy='55'/> -->
        <!-- <camera name="cam1" pos="-0.32 0 0.6" quat='0.3 0.19 -0.43 -0.83' fovy='55'/> -->

    </worldbody>

    <tendon>
        <spatial name="tendon1" material="MatBallY">
            <site site="ball1_site"/>
            <site site="target1_site"/>
        </spatial>
        <spatial name="tendon2" material="MatBallP">
            <site site="ball2_site"/>
            <site site="target2_site"/>
        </spatial>
    </tendon>

    <!-- <keyframe>
        <key qpos='0.0126 -0.398 0.379 0.0564 1.167 0.0407 0.265 -0.136 1.144 0.045 0.074 0.139 1.112 0.234 -0.022 -0.368 -0.000 1.25 0.152 -0.021 0.374 0.0939 -0.126 -0.536 -0.029 -0.001 0.19 1 0 0 0 0.03 0.01 0.19 1 0 0 0'/>
    </keyframe> -->

</mujoco>
