<mujoco model="tendon-motor-finger">
<!-- =================================================
	Copyright 2020 Vikash Kumar
	Model	:: tendon-finger (MuJoCoV2.0)
	Author	:: Vikash Kumar (vikashplus@gmail.com)
	source	:: https://github.com/vikashplus
	License	:: Under Apache License, Version 2.0 (the "License"); you may not use this file except in compliance with the License. You may obtain a copy of the License at http://www.apache.org/licenses/LICENSE-2.0 Unless required by applicable law or agreed to in writing, software distributed under the License is distributed on an "AS IS" BASIS, WITHOUT WARRANTIES OR CONDITIONS OF ANY KIND, either express or implied. See the License for the specific language governing permissions and limitations under the License.
====================================================== -->
	<include file="finger_v0.xml"/>
	<actuator>
		<motor name="extn" tendon="extn" gear="20" ctrllimited="true" ctrlrange="-1 0"/>
		<motor name="adabR" tendon="adabR" gear="5" ctrllimited="true" ctrlrange="-1 0"/>
		<motor name="adabL" tendon="adabL" gear="5" ctrllimited="true" ctrlrange="-1 0"/>
		<motor name="mflx" tendon="mflx" gear="10" ctrllimited="true" ctrlrange="-1 0"/>
		<motor name="dflx" tendon="dflx" gear="10" ctrllimited="true" ctrlrange="-1 0"/>
	</actuator>
</mujoco>