<?xml version="1.0" ?>
<mujoco model="MyoSuite's MyoQuad">
<!-- =================================================
    Copyright 2023 MyoSuite
    Model   :: Myo Quad (MuJoCoV2.7)
    Author  :: Vikash Kumar (vikashplus@gmail.com), Vittorio Caggiano, Pierre Schumahchar, Chun Kwang Tan
    source  :: https://github.com/MyoHub/MyoSuite
    License :: Under Apache License, Version 2.0 (the "License"); you may not use this file except in compliance with the License. You may obtain a copy of the License at http://www.apache.org/licenses/LICENSE-2.0 Unless required by applicable law or agreed to in writing, software distributed under the License is distributed on an "AS IS" BASIS, WITHOUT WARRANTIES OR CONDITIONS OF ANY KIND, either express or implied. See the License for the specific language governing permissions and limitations under the License.
====================================================== -©vk©-->

    <include file="../../../../simhive/myo_sim/torso/assets/myotorsorigid_assets.xml"/>
    <include file="../../../../simhive/myo_sim/leg/assets/myolegs_assets.xml"/>
    <include file="../../../../simhive/myo_sim/scene/myosuite_quad.xml"/>
    <compiler meshdir='../../../../simhive/myo_sim/' texturedir='../../../../simhive/myo_sim/'/>

    <asset>
        <hfield name="terrain" size="6 6 1 0.001" nrow="100" ncol="100"/>
        <texture name="texmyo" type="cube" file="scene/myosuite_icon.png"/>
        <material name="matmyo" texture="texmyo" rgba="1 1 1 1"/>
    </asset>

    <worldbody>
        <geom name="terrain" type="hfield" hfield="terrain" pos="0 0 -0.005" material="matfloor" conaffinity="1" contype="1" rgba=".9 .9 .9 1"/>

    <!-- <camera name="side_view" pos="-3 0 2.25" xyaxes="0 -1 0 1 0 2" mode="trackcom"/> -->


        <!-- ======= Opponent ======= -->
        <body name='opponent' pos="0 0 0" zaxis="0 0 1" mocap="true">
            <light directional="false" diffuse=".25 .25 .25" specular="0.25 0.25 0.25" pos="0 -3 3" dir="0 1 -1" mode="trackcom"/>
            <camera name="opponent_view" pos="4 0 2.75" xyaxes="0 1 0 -1 0 2" mode="trackcom"/>
            <geom name="base" type="capsule" pos="0 0 0.15" euler="0 0 0" size="0.25 0.15" rgba=".11 .1 .1 1" group="2" contype="0" conaffinity="0"/>            
            <geom name="base_bar" type="cylinder" pos="0 0 0.8" euler="0 0 0" size="0.078 0.28" rgba=".7 .7 .7 1" group="2" contype="0" conaffinity="0"/>
            <geom name="logo" type="sphere" pos="0 0 1.20" euler="1.57 0 0" size="0.25 0.02010" material="matmyo" group="2" contype="0" conaffinity="0"/>
            <site name="opponent_indicator" size="0.3" pos="0 0 1.2" rgba="0 0 0 0"/>
        </body>

        <!-- ======= MyoAgent ======= -->
        <site name="pelvis_target" size="0.02" pos="0 0 .92" group="4"/>
        <body name="root" pos="0 0 1" euler="0 0 -1.57">
            <light directional="false" diffuse=".25 .25 .25" specular="0.25 0.25 0.25" pos="3 0 2" dir="-1 0 -1" mode="trackcom"/>
            <camera name="agent_view" pos="4 0 1.85" xyaxes="0 1 0 -1 0 2" mode="trackcom"/>
            <site name="head" size="0.02" pos="0 0 1.80" group="4"/>
            <include file="../../../../simhive/myo_sim/torso/assets/myotorsorigid_chain.xml"/>
            <include file="../../../../simhive/myo_sim/leg/assets/myolegs_chain.xml"/>
            <freejoint name="root"/>
        </body>
    </worldbody>

    <keyframe>
        <key qpos='0 0 .92 0.707388 0 0 -0.706825 0.161153 -0.0279385 -0.041886 0.00247908 0.00101098 0.461137 0.0275069 0.136817 0.334 -0.00117055 -0.000125295 -0.0302192 0.0395202 -0.194029 0.161153 -0.0279385 -0.041886 0.00247908 0.00101098 0.461137 0.0275069 0.136817 0.334 -0.00117055 -0.000125295 -0.0302192 0.0395202 -0.194029'/>
        <key qpos='0 0 .9 0.707388 0 0 -0.706825 0.405648 -0.020957 -0.118677 0.0039054 0.00122326 0.7329 0.0102961 0.215496 0.40143 -0.006982 -0.02618 -0.03738 0.0080579 -0.87272 0.405648 -0.020957 -0.118677 0.0039054 0.00122326 0.7329 0.0102961 0.215496 0.40143 -0.006982 -0.02618 -0.03738 0.0080579 -0.87272'/>
        <key qpos='0 0 1.0 0.707388 0 0 -0.706825 -0.2326 -0.0279385 -0.041886 0.00247908 0.00101098 1.227 0.0275069 0.136817 0.1672 -0.00117055 -0.000125295 -0.0302192 0.0395202 -0.194029 -0.1652 -0.0279385 -0.041886 0.00247908 0.0010198 0.0888 0.0275069 0.136817 -0.019 -0.00117055 -0.000125295 -0.0302192 0.0395202 -0.194029' qvel='0 -1.5 0 0 0 0 4.9066 0 0 0 0 -3.597 0 0 0.633 0 0 0 0 0 0.175 0 0 0 0 0.175 0 0 0.988 0 0 0 0 0'/>
        <key qpos='0 0 1.0 0.707388 0 0 -0.706825 -0.1652 -0.0279385 -0.041886 0.00247908 0.00101098 0.0888 0.0275069 0.136817 -0.019 -0.00117055 -0.000125295 -0.0302192 0.0395202 -0.194029 -0.2326 -0.0279385 -0.041886 0.00247908 0.0010198 1.227 0.0275069 0.136817 0.1672 -0.00117055 -0.000125295 -0.0302192 0.0395202 -0.194029' qvel='0 -1.5 0 0 0 0 -0.576 0 0 0 0 0.175 0 0 0.988 0 0 0 0 0 4.9066 0 0 0 0 -3.597 0 0 0.633 0 0 0 0 0'/>
    </keyframe>

</mujoco>