<mujocoinclude model="MyoTorsoRigid_v0.0.1">
<!-- =================================================
	Copyright 2020 Vikash Kumar, Vittorio Caggiano, Huawei Wang
	Model	:: Myo Legs (MuJoCoV2.0)
	Author	:: Vikash Kumar (vikashplus@gmail.com), Vittorio Caggiano, Huawei Wang
	source	:: https://github.com/vikashplus
	License	:: Under Apache License, Version 2.0 (the "License"); you may not use this file except in compliance with the License. You may obtain a copy of the License at http://www.apache.org/licenses/LICENSE-2.0 Unless required by applicable law or agreed to in writing, software distributed under the License is distributed on an "AS IS" BASIS, WITHOUT WARRANTIES OR CONDITIONS OF ANY KIND, either express or implied. See the License for the specific language governing permissions and limitations under the License.
====================================================== -->

    <body name="torso" childclass="myotorso">
        <geom mesh="torso" name="torso" type="mesh" pos="0 0 -.94" euler="0 0 -1.57"/>

        <body name="head" pos="-.21 0 .090" euler="1.57 0 -.2">
            <geom class="myotorso_coll" name="hat_spine_coll" type="capsule" size="0.055 0.10" pos="-.01 .510 0" euler="1.57 .2 0"/>
            <geom class="myotorso_coll" name="hat_jaw_coll2" type="ellipsoid" size="0.07 0.12 0.065" pos=".025 .545 0" euler="0 0 .7"/>
            <geom class="myotorso_coll" name="hat_skull_coll" type="ellipsoid" size="0.1 0.1 0.075" pos="0 .575 0"/>
            <inertial pos="0 0 0" mass="5.0"/>
        </body>

        <geom type="capsule" class="myotorso_coll" size="0.080 0.077"  pos="-.065 0 .060" euler="1.57 0 0"/>
        <geom type="ellipsoid" class="myotorso_coll" size="0.095 0.140 0.140"  pos="-.085 0 .200" euler="1.57 0 0"/>
        <geom type="capsule" class="myotorso_coll" size="0.110 0.065"  pos="-.090 0 .330" euler="1.57 0 0"/>
        <geom type="capsule" class="myotorso_coll" size="0.075 0.145"  pos="-.110 0 .415" euler="1.57 0 0"/>

        <inertial pos="-0.07 0 0.287572" mass="37.4" diaginertia="0.910036 0.839113 0.34246" />
        <!-- Arms -->
        <geom name="humerus_r" type="capsule" class="myotorso_coll" size="0.042" fromto="-.094 -.162 .445 -.088 -.175 .166"/>
        <geom name="ulna_rv" type="capsule" class="myotorso_coll" size="0.030" fromto="-.088 -.175 .166 -.1 -.2 -.092"/>
        <geom name="humerus_l" type="capsule" class="myotorso_coll" size="0.042" fromto="-.094 .162 .445 -.088 .175 .166"/>
        <geom name="ulna_lv" type="capsule" class="myotorso_coll" size="0.030" fromto="-.088 .175 .166 -.1 .2 -.092"/>

    </body>
</mujocoinclude>
