<mujocoinclude model="MyoTorsoRigid_v0.0.1">
<!-- =================================================
	Copyright 2020 Vikash Kumar, Vittorio Caggiano, Huawei Wang
	Model	:: Myo Legs (MuJoCoV2.0)
	Author	:: Vikash Kumar (vikashplus@gmail.com), Vittorio Caggiano, Huawei Wang
	source	:: https://github.com/vikashplus
	License	:: Under Apache License, Version 2.0 (the "License"); you may not use this file except in compliance with the License. You may obtain a copy of the License at http://www.apache.org/licenses/LICENSE-2.0 Unless required by applicable law or agreed to in writing, software distributed under the License is distributed on an "AS IS" BASIS, WITHOUT WARRANTIES OR CONDITIONS OF ANY KIND, either express or implied. See the License for the specific language governing permissions and limitations under the License.
====================================================== -->

    <default>
        <default class="myotorso">
            <geom material="mat_myotorso" rgba="0.8 0.85 0.8 1" conaffinity="0" contype="0"/>
        </default>

        <default class="myotorso_coll">
            <geom type="capsule" group="4" contype="1" conaffinity="0" condim="3" rgba="0.8 0.7 .5 1" margin="0.001" material="MatSkin_myotorso"/>
        </default>

    </default>

    <asset>
        <texture name="tex_myotorso" builtin="flat" height="762" mark="cross" markrgb="1 .9 .9" rgb1="1 1 1" rgb2="1 1 1" type="cube" width="127"/>
        <material name="mat_myotorso" texture="tex_myotorso" texuniform="true"/>
        <mesh file="../myo_sim/meshes/torso_lowpoly.stl" name="torso"/>
        <material name="MatSkin_myotorso" specular="0.2" shininess=".1" reflectance="0.5" rgba="0.9 .7 1 1"/>
    </asset>

</mujocoinclude>
